,Population,Density,Wealthy,median_age,intersections,total_watts,total_lightbulbs,one_way_signs,speed_limit_signs,no_u_turn_signs,stop_sign,yield_sign,accidents
0,35482,2362.31691078562,59861.40736147906,18097,87.0,22253.0,342.0,0.0,7.0,3.0,48.0,0.0,38
1,35482,2362.31691078562,59861.40736147906,18097,152.0,54631.0,670.0,0.0,14.0,0.0,148.0,0.0,89
2,35482,2362.31691078562,59861.40736147906,18097,163.0,38552.0,736.0,2.0,19.0,0.0,105.0,0.0,79
3,35482,2362.31691078562,59861.40736147906,18097,120.0,10554.0,183.0,0.0,13.0,1.0,26.0,0.0,31
4,35482,2362.31691078562,59861.40736147906,18097,14.0,33916.0,391.0,0.0,2.0,0.0,90.0,0.0,4
5,35482,2362.31691078562,59861.40736147906,18097,70.0,14277.0,168.0,1.0,3.0,0.0,32.0,2.0,40
6,35482,2362.31691078562,59861.40736147906,18097,133.0,48730.0,440.0,0.0,25.0,3.0,108.0,0.0,156
7,35482,2362.31691078562,59861.40736147906,18097,155.0,44901.0,582.0,2.0,26.0,0.0,117.0,0.0,167
8,35482,2362.31691078562,59861.40736147906,18097,199.0,45347.0,758.0,2.0,23.0,1.0,117.0,0.0,93
9,35482,2362.31691078562,59861.40736147906,18097,143.0,33559.0,489.0,8.0,17.0,0.0,77.0,0.0,33
10,35482,2362.31691078562,59861.40736147906,18097,6.0,33916.0,391.0,0.0,1.0,0.0,5.0,0.0,19
11,35482,2362.31691078562,59861.40736147906,18097,2.0,33916.0,391.0,0.0,2.0,0.0,90.0,0.0,1
12,35482,2362.31691078562,59861.40736147906,18097,129.0,13586.0,252.0,4.0,8.0,0.0,37.0,3.0,25
13,35482,2362.31691078562,59861.40736147906,18097,154.0,29199.0,348.0,3.0,24.0,1.0,137.0,2.0,233
14,35482,2362.31691078562,59861.40736147906,18097,164.0,38205.0,536.0,4.0,25.0,0.0,78.0,0.0,368
15,35482,2362.31691078562,59861.40736147906,18097,217.0,56004.0,837.0,0.0,23.0,0.0,103.0,0.0,235
16,35482,2362.31691078562,59861.40736147906,18097,153.0,26962.0,513.0,0.0,17.0,0.0,90.0,0.0,111
17,35482,2362.31691078562,59861.40736147906,18097,54.0,7363.0,116.0,0.0,5.0,0.0,24.0,0.0,12
18,35482,2362.31691078562,59861.40736147906,18097,43.0,11588.0,152.0,0.0,13.0,0.0,32.0,0.0,13
19,35482,2362.31691078562,59861.40736147906,18097,27.0,4160.0,32.0,0.0,3.0,0.0,1.0,0.0,15
20,35482,2362.31691078562,59861.40736147906,18097,147.0,9824.0,142.0,0.0,27.0,2.0,79.0,2.0,114
21,35482,2362.31691078562,59861.40736147906,18097,155.0,38888.0,345.0,6.0,23.0,4.0,131.0,1.0,402
22,35482,2362.31691078562,59861.40736147906,18097,144.0,82074.0,813.0,15.0,47.0,4.0,32.0,0.0,682
23,35482,2362.31691078562,59861.40736147906,18097,166.0,74177.0,985.0,7.0,34.0,2.0,170.0,0.0,640
24,35482,2362.31691078562,59861.40736147906,18097,148.0,49914.0,679.0,4.0,41.0,0.0,102.0,0.0,526
25,35482,2362.31691078562,59861.40736147906,18097,119.0,46544.0,678.0,2.0,22.0,0.0,45.0,0.0,218
26,35482,2362.31691078562,59861.40736147906,18097,187.0,61609.0,737.0,1.0,39.0,6.0,90.0,0.0,333
27,35482,2362.31691078562,59861.40736147906,18097,87.0,12001.0,143.0,0.0,6.0,0.0,18.0,0.0,60
28,35482,2362.31691078562,59861.40736147906,18097,124.0,917.0,24.0,2.0,24.0,0.0,30.0,1.0,22
29,35482,2362.31691078562,59861.40736147906,18097,119.0,30714.0,351.0,0.0,23.0,3.0,107.0,0.0,223
30,35482,2362.31691078562,59861.40736147906,18097,79.0,55925.0,496.0,0.0,28.0,0.0,47.0,0.0,412
31,35482,2362.31691078562,59861.40736147906,18097,220.0,55302.0,643.0,4.0,23.0,1.0,125.0,0.0,510
32,35482,2362.31691078562,59861.40736147906,18097,173.0,51176.0,621.0,0.0,22.0,0.0,127.0,0.0,391
33,35482,2362.31691078562,59861.40736147906,18097,51.0,34997.0,497.0,0.0,26.0,0.0,37.0,0.0,248
34,35482,2362.31691078562,59861.40736147906,18097,124.0,55248.0,618.0,0.0,33.0,7.0,106.0,0.0,273
35,35482,2362.31691078562,59861.40736147906,18097,127.0,60973.0,536.0,0.0,12.0,0.0,36.0,0.0,48
36,35482,2362.31691078562,59861.40736147906,18097,45.0,15331.0,97.0,2.0,15.0,0.0,1.0,0.0,4
37,35482,2362.31691078562,59861.40736147906,18097,58.0,6808.0,198.0,0.0,8.0,0.0,25.0,0.0,12
38,35482,2362.31691078562,59861.40736147906,18097,122.0,25187.0,289.0,3.0,33.0,0.0,116.0,0.0,199
39,35482,2362.31691078562,59861.40736147906,18097,113.0,48665.0,495.0,12.0,20.0,2.0,74.0,1.0,346
40,35482,2362.31691078562,59861.40736147906,18097,181.0,43761.0,488.0,11.0,31.0,2.0,121.0,0.0,533
41,35482,2362.31691078562,59861.40736147906,18097,208.0,48555.0,612.0,0.0,27.0,0.0,118.0,0.0,419
42,35482,2362.31691078562,59861.40736147906,18097,133.0,41482.0,632.0,0.0,40.0,4.0,64.0,0.0,215
43,35482,2362.31691078562,59861.40736147906,18097,180.0,47218.0,694.0,0.0,19.0,0.0,67.0,0.0,183
44,35482,2362.31691078562,59861.40736147906,18097,167.0,51313.0,391.0,0.0,1.0,0.0,12.0,0.0,80
45,35482,2362.31691078562,59861.40736147906,18097,115.0,43488.0,365.0,0.0,1.0,0.0,44.0,0.0,14
46,35482,2362.31691078562,59861.40736147906,18097,102.0,11879.0,337.0,0.0,20.0,0.0,59.0,1.0,18
47,35482,2362.31691078562,59861.40736147906,18097,152.0,17424.0,260.0,10.0,32.0,5.0,104.0,0.0,276
48,35482,2362.31691078562,59861.40736147906,18097,156.0,43891.0,445.0,1.0,26.0,0.0,99.0,0.0,478
49,35482,2362.31691078562,59861.40736147906,18097,195.0,42701.0,493.0,0.0,33.0,0.0,155.0,0.0,481
50,35482,2362.31691078562,59861.40736147906,18097,136.0,34236.0,421.0,0.0,34.0,0.0,114.0,0.0,522
51,35482,2362.31691078562,59861.40736147906,18097,186.0,44893.0,601.0,1.0,34.0,6.0,42.0,0.0,477
52,35482,2362.31691078562,59861.40736147906,18097,246.0,47375.0,744.0,4.0,50.0,5.0,105.0,0.0,267
53,35482,2362.31691078562,59861.40736147906,18097,133.0,45974.0,588.0,3.0,23.0,3.0,40.0,0.0,126
54,35482,2362.31691078562,59861.40736147906,18097,139.0,55812.0,641.0,0.0,15.0,0.0,42.0,0.0,27
55,35482,2362.31691078562,59861.40736147906,18097,105.0,12534.0,244.0,0.0,13.0,0.0,66.0,0.0,21
56,35482,2362.31691078562,59861.40736147906,18097,127.0,33064.0,351.0,9.0,22.0,10.0,122.0,0.0,429
57,35482,2362.31691078562,59861.40736147906,18097,141.0,57210.0,586.0,0.0,33.0,0.0,77.0,0.0,612
58,35482,2362.31691078562,59861.40736147906,18097,154.0,62425.0,602.0,3.0,21.0,6.0,142.0,0.0,568
59,35482,2362.31691078562,59861.40736147906,18097,185.0,52366.0,611.0,3.0,24.0,0.0,115.0,0.0,492
60,35482,2362.31691078562,59861.40736147906,18097,169.0,36056.0,551.0,0.0,33.0,8.0,126.0,0.0,460
61,35482,2362.31691078562,59861.40736147906,18097,181.0,43628.0,683.0,0.0,30.0,2.0,64.0,0.0,389
62,35482,2362.31691078562,59861.40736147906,18097,185.0,49334.0,779.0,0.0,24.0,4.0,107.0,0.0,158
63,35482,2362.31691078562,59861.40736147906,18097,96.0,35989.0,511.0,0.0,8.0,0.0,41.0,0.0,29
64,35482,2362.31691078562,59861.40736147906,18097,87.0,7918.0,232.0,0.0,8.0,0.0,67.0,1.0,28
65,35482,2362.31691078562,59861.40736147906,18097,166.0,46263.0,576.0,0.0,22.0,0.0,138.0,0.0,554
66,35482,2362.31691078562,59861.40736147906,18097,235.0,65890.0,767.0,1.0,37.0,0.0,151.0,0.0,430
67,35482,2362.31691078562,59861.40736147906,18097,149.0,72526.0,881.0,22.0,17.0,4.0,156.0,2.0,535
68,35482,2362.31691078562,59861.40736147906,18097,155.0,22258.0,313.0,0.0,23.0,3.0,143.0,0.0,408
69,35482,2362.31691078562,59861.40736147906,18097,127.0,25542.0,309.0,9.0,13.0,5.0,90.0,0.0,221
70,35482,2362.31691078562,59861.40736147906,18097,124.0,47390.0,650.0,5.0,31.0,0.0,77.0,2.0,306
71,35482,2362.31691078562,59861.40736147906,18097,150.0,29129.0,382.0,0.0,23.0,0.0,115.0,0.0,121
72,35482,2362.31691078562,59861.40736147906,18097,117.0,26646.0,445.0,0.0,15.0,0.0,42.0,0.0,24
73,35482,2362.31691078562,59861.40736147906,18097,84.0,3904.0,108.0,0.0,13.0,0.0,51.0,0.0,19
74,35482,2362.31691078562,59861.40736147906,18097,154.0,44145.0,507.0,4.0,42.0,10.0,91.0,1.0,422
75,35482,2362.31691078562,59861.40736147906,18097,111.0,58431.0,566.0,3.0,16.0,6.0,73.0,0.0,309
76,35482,2362.31691078562,59861.40736147906,18097,171.0,48540.0,547.0,6.0,22.0,4.0,165.0,0.0,405
77,35482,2362.31691078562,59861.40736147906,18097,170.0,20711.0,294.0,0.0,25.0,2.0,128.0,0.0,391
78,35482,2362.31691078562,59861.40736147906,18097,179.0,39288.0,552.0,0.0,25.0,4.0,120.0,0.0,261
79,35482,2362.31691078562,59861.40736147906,18097,177.0,44950.0,663.0,0.0,34.0,4.0,139.0,0.0,371
80,35482,2362.31691078562,59861.40736147906,18097,180.0,27277.0,466.0,2.0,24.0,3.0,142.0,0.0,300
81,35482,2362.31691078562,59861.40736147906,18097,181.0,25717.0,590.0,0.0,15.0,14.0,135.0,0.0,120
82,35482,2362.31691078562,59861.40736147906,18097,79.0,20541.0,396.0,0.0,14.0,0.0,63.0,0.0,62
83,35482,2362.31691078562,59861.40736147906,18097,140.0,17805.0,244.0,0.0,27.0,4.0,81.0,0.0,174
84,35482,2362.31691078562,59861.40736147906,18097,70.0,13005.0,143.0,7.0,26.0,2.0,41.0,0.0,147
85,35482,2362.31691078562,59861.40736147906,18097,58.0,15083.0,166.0,0.0,16.0,0.0,57.0,0.0,193
86,35482,2362.31691078562,59861.40736147906,18097,107.0,70883.0,537.0,6.0,23.0,0.0,59.0,1.0,213
87,9377,1279.263301500682,66455.4234829903,3888,76.0,28160.0,355.0,2.0,22.0,2.0,37.0,1.0,232
88,9377,1279.263301500682,66455.4234829903,3888,182.0,45852.0,557.0,0.0,17.0,0.0,113.0,0.0,257
89,9377,1279.263301500682,66455.4234829903,3888,191.0,43590.0,554.0,0.0,32.0,0.0,90.0,0.0,263
90,9377,1279.263301500682,66455.4234829903,3888,193.0,29456.0,531.0,1.0,19.0,0.0,117.0,0.0,196
91,9377,1279.263301500682,66455.4234829903,3888,59.0,6612.0,186.0,0.0,6.0,0.0,66.0,0.0,14
92,9377,1279.263301500682,66455.4234829903,3888,14.0,14473.0,134.0,0.0,5.0,1.0,6.0,0.0,50
93,9377,1279.263301500682,66455.4234829903,3888,157.0,68669.0,538.0,4.0,13.0,0.0,88.0,2.0,278
94,9377,1279.263301500682,66455.4234829903,3888,62.0,7935.0,107.0,7.0,12.0,0.0,51.0,0.0,73
95,9377,1279.263301500682,66455.4234829903,3888,109.0,22508.0,228.0,13.0,17.0,2.0,89.0,0.0,480
96,9377,1279.263301500682,66455.4234829903,3888,151.0,36776.0,386.0,8.0,26.0,4.0,156.0,0.0,487
97,9377,1279.263301500682,66455.4234829903,3888,113.0,34711.0,446.0,0.0,17.0,4.0,72.0,0.0,532
98,9377,1279.263301500682,66455.4234829903,3888,110.0,38021.0,469.0,0.0,17.0,0.0,92.0,0.0,342
99,9377,1279.263301500682,66455.4234829903,3888,166.0,23413.0,264.0,1.0,16.0,0.0,129.0,0.0,229
100,9377,1279.263301500682,66455.4234829903,3888,169.0,21558.0,329.0,6.0,9.0,1.0,84.0,0.0,187
101,9377,1279.263301500682,66455.4234829903,3888,24.0,5590.0,74.0,0.0,1.0,0.0,17.0,0.0,21
102,9377,1279.263301500682,66455.4234829903,3888,103.0,31595.0,367.0,0.0,5.0,0.0,75.0,0.0,119
103,9377,1279.263301500682,66455.4234829903,3888,124.0,30943.0,448.0,2.0,15.0,14.0,169.0,3.0,483
104,9377,1279.263301500682,66455.4234829903,3888,180.0,27583.0,324.0,2.0,26.0,4.0,246.0,0.0,569
105,9377,1279.263301500682,66455.4234829903,3888,121.0,46249.0,513.0,1.0,22.0,5.0,145.0,0.0,936
106,9377,1279.263301500682,66455.4234829903,3888,158.0,49167.0,523.0,15.0,35.0,18.0,148.0,0.0,661
107,9377,1279.263301500682,66455.4234829903,3888,160.0,49005.0,498.0,32.0,18.0,8.0,140.0,0.0,853
108,9377,1279.263301500682,66455.4234829903,3888,169.0,42056.0,544.0,55.0,11.0,0.0,101.0,1.0,550
109,9377,1279.263301500682,66455.4234829903,3888,168.0,34948.0,426.0,18.0,20.0,4.0,156.0,0.0,330
110,9377,1279.263301500682,66455.4234829903,3888,152.0,38709.0,452.0,13.0,17.0,12.0,77.0,0.0,265
111,9377,1279.263301500682,66455.4234829903,3888,162.0,50987.0,531.0,0.0,6.0,1.0,139.0,0.0,164
112,9377,1279.263301500682,66455.4234829903,3888,136.0,32408.0,395.0,0.0,20.0,0.0,126.0,0.0,160
113,9377,1279.263301500682,66455.4234829903,3888,137.0,53363.0,541.0,6.0,31.0,1.0,138.0,1.0,549
114,9377,1279.263301500682,66455.4234829903,3888,169.0,35174.0,450.0,40.0,32.0,0.0,179.0,0.0,463
115,9377,1279.263301500682,66455.4234829903,3888,156.0,66835.0,941.0,10.0,22.0,0.0,209.0,0.0,1027
116,9377,1279.263301500682,66455.4234829903,3888,133.0,41711.0,543.0,8.0,25.0,7.0,92.0,0.0,688
117,9377,1279.263301500682,66455.4234829903,3888,121.0,72819.0,896.0,18.0,22.0,8.0,177.0,1.0,794
118,9377,1279.263301500682,66455.4234829903,3888,144.0,57163.0,678.0,0.0,33.0,3.0,134.0,1.0,619
119,9377,1279.263301500682,66455.4234829903,3888,151.0,42904.0,545.0,0.0,23.0,0.0,131.0,0.0,348
120,9377,1279.263301500682,66455.4234829903,3888,178.0,33636.0,329.0,3.0,15.0,0.0,128.0,0.0,181
121,9377,1279.263301500682,66455.4234829903,3888,132.0,15562.0,169.0,0.0,7.0,0.0,75.0,0.0,162
122,9377,1279.263301500682,66455.4234829903,3888,127.0,29525.0,325.0,10.0,22.0,0.0,118.0,0.0,318
123,9377,1279.263301500682,66455.4234829903,3888,164.0,50988.0,479.0,5.0,29.0,3.0,173.0,0.0,394
124,9377,1279.263301500682,66455.4234829903,3888,185.0,24442.0,325.0,30.0,24.0,0.0,216.0,0.0,317
125,9377,1279.263301500682,66455.4234829903,3888,172.0,21013.0,280.0,2.0,19.0,10.0,177.0,0.0,775
126,9377,1279.263301500682,66455.4234829903,3888,124.0,29456.0,373.0,0.0,18.0,0.0,116.0,0.0,638
127,9377,1279.263301500682,66455.4234829903,3888,211.0,57826.0,830.0,7.0,28.0,2.0,225.0,0.0,495
128,48581,8405.017301038062,28496.06720734444,30688,177.0,43341.0,664.0,0.0,21.0,1.0,178.0,1.0,327
129,48581,8405.017301038062,28496.06720734444,30688,157.0,45504.0,574.0,0.0,21.0,4.0,200.0,0.0,467
130,48581,8405.017301038062,28496.06720734444,30688,162.0,49197.0,703.0,0.0,9.0,0.0,152.0,0.0,396
131,48581,8405.017301038062,28496.06720734444,30688,74.0,8417.0,86.0,0.0,8.0,0.0,31.0,0.0,88
132,48581,8405.017301038062,28496.06720734444,30688,229.0,33826.0,428.0,3.0,26.0,0.0,148.0,0.0,324
133,48581,8405.017301038062,28496.06720734444,30688,166.0,31604.0,376.0,0.0,27.0,1.0,191.0,0.0,461
134,48581,8405.017301038062,28496.06720734444,30688,193.0,34710.0,438.0,52.0,34.0,0.0,150.0,0.0,359
135,48581,8405.017301038062,28496.06720734444,30688,167.0,24415.0,386.0,0.0,24.0,0.0,187.0,2.0,923
136,48581,8405.017301038062,28496.06720734444,30688,129.0,38526.0,460.0,2.0,31.0,3.0,118.0,0.0,675
137,48581,8405.017301038062,28496.06720734444,30688,173.0,51195.0,422.0,0.0,21.0,2.0,98.0,0.0,352
138,48581,8405.017301038062,28496.06720734444,30688,183.0,33077.0,554.0,0.0,12.0,0.0,108.0,0.0,265
139,48581,8405.017301038062,28496.06720734444,30688,104.0,21119.0,336.0,2.0,1.0,0.0,133.0,0.0,244
140,48581,8405.017301038062,28496.06720734444,30688,151.0,61762.0,771.0,3.0,32.0,0.0,150.0,0.0,466
141,48581,8405.017301038062,28496.06720734444,30688,108.0,32959.0,352.0,0.0,13.0,0.0,57.0,0.0,187
142,48581,8405.017301038062,28496.06720734444,30688,119.0,19502.0,295.0,0.0,4.0,0.0,89.0,0.0,41
143,48581,8405.017301038062,28496.06720734444,30688,158.0,35387.0,462.0,6.0,20.0,10.0,224.0,1.0,554
144,48581,8405.017301038062,28496.06720734444,30688,161.0,27300.0,325.0,45.0,18.0,0.0,238.0,0.0,402
145,48581,8405.017301038062,28496.06720734444,30688,158.0,40955.0,436.0,28.0,19.0,8.0,201.0,0.0,686
146,48581,8405.017301038062,28496.06720734444,30688,125.0,39301.0,499.0,9.0,13.0,6.0,114.0,0.0,327
147,48581,8405.017301038062,28496.06720734444,30688,157.0,20355.0,227.0,5.0,20.0,0.0,180.0,5.0,338
148,48581,8405.017301038062,28496.06720734444,30688,96.0,24608.0,286.0,0.0,8.0,0.0,87.0,0.0,206
149,48581,8405.017301038062,28496.06720734444,30688,27.0,17936.0,199.0,0.0,13.0,0.0,11.0,0.0,158
150,48581,8405.017301038062,28496.06720734444,30688,164.0,37652.0,479.0,1.0,17.0,0.0,107.0,0.0,181
151,48581,8405.017301038062,28496.06720734444,30688,46.0,5828.0,102.0,0.0,0.0,0.0,21.0,0.0,13
152,48581,8405.017301038062,28496.06720734444,30688,39.0,1560.0,30.0,2.0,15.0,0.0,90.0,0.0,8
153,48581,8405.017301038062,28496.06720734444,30688,177.0,78535.0,708.0,2.0,24.0,5.0,238.0,1.0,382
154,48581,8405.017301038062,28496.06720734444,30688,173.0,138082.0,904.0,47.0,29.0,11.0,237.0,0.0,748
155,48581,8405.017301038062,28496.06720734444,30688,171.0,33012.0,424.0,2.0,30.0,0.0,243.0,0.0,722
156,48581,8405.017301038062,28496.06720734444,30688,110.0,43851.0,458.0,0.0,20.0,2.0,154.0,0.0,347
157,48581,8405.017301038062,28496.06720734444,30688,122.0,42868.0,464.0,0.0,15.0,1.0,96.0,1.0,310
158,48581,8405.017301038062,28496.06720734444,30688,30.0,14897.0,215.0,3.0,13.0,0.0,17.0,0.0,138
159,22286,2924.6719160104985,34239.76662478686,13901,25.0,3042.0,51.0,0.0,11.0,0.0,35.0,0.0,46
160,22286,2924.6719160104985,34239.76662478686,13901,90.0,21548.0,289.0,0.0,6.0,0.0,63.0,0.0,69
161,22286,2924.6719160104985,34239.76662478686,13901,15.0,1371.0,21.0,2.0,15.0,0.0,90.0,0.0,2
162,48581,8405.017301038062,28496.06720734444,30688,191.0,80446.0,614.0,29.0,41.0,2.0,148.0,1.0,681
163,48581,8405.017301038062,28496.06720734444,30688,211.0,55160.0,466.0,4.0,20.0,0.0,240.0,0.0,531
164,48581,8405.017301038062,28496.06720734444,30688,132.0,14437.0,156.0,0.0,31.0,0.0,154.0,1.0,422
165,22286,2924.6719160104985,34239.76662478686,13901,73.0,26788.0,232.0,0.0,22.0,0.0,72.0,0.0,194
166,22286,2924.6719160104985,34239.76662478686,13901,172.0,42154.0,481.0,4.0,15.0,5.0,163.0,1.0,379
167,22286,2924.6719160104985,34239.76662478686,13901,70.0,16734.0,219.0,2.0,33.0,2.0,44.0,1.0,199
168,22286,2924.6719160104985,34239.76662478686,13901,68.0,4790.0,74.0,0.0,19.0,0.0,48.0,0.0,27
169,22286,2924.6719160104985,34239.76662478686,13901,59.0,6220.0,120.0,1.0,16.0,0.0,51.0,0.0,22
170,22286,2924.6719160104985,34239.76662478686,13901,88.0,26126.0,218.0,0.0,8.0,1.0,88.0,0.0,105
171,22286,2924.6719160104985,34239.76662478686,13901,32.0,632.0,9.0,0.0,2.0,0.0,28.0,0.0,4
172,22286,2924.6719160104985,34239.76662478686,13901,86.0,7418.0,103.0,4.0,4.0,1.0,45.0,0.0,74
173,22286,2924.6719160104985,34239.76662478686,13901,99.0,5808.0,112.0,2.0,7.0,4.0,45.0,0.0,62
174,22286,2924.6719160104985,34239.76662478686,13901,33.0,3004.0,56.0,0.0,11.0,2.0,17.0,0.0,30
175,22286,2924.6719160104985,34239.76662478686,13901,61.0,5627.0,71.0,0.0,12.0,0.0,30.0,0.0,48
176,22286,2924.6719160104985,34239.76662478686,13901,34.0,4781.0,67.0,0.0,13.0,0.0,13.0,0.0,24
177,64458,16570.17994858612,13523.166278817214,25116,139.0,60904.0,779.0,47.0,30.0,0.0,196.0,0.0,548
178,36865,14925.101214574895,28998.872345042724,19920,129.0,159822.0,952.0,46.0,34.0,5.0,135.0,0.0,784
179,36865,14925.101214574895,28998.872345042724,19920,100.0,83555.0,751.0,17.0,24.0,1.0,144.0,0.0,760
180,36865,14925.101214574895,28998.872345042724,19920,112.0,65522.0,779.0,0.0,14.0,0.0,270.0,0.0,748
181,28917,18418.471337579616,11415.921395718782,12812,124.0,31555.0,408.0,5.0,16.0,0.0,106.0,0.0,482
182,28917,18418.471337579616,11415.921395718782,12812,119.0,77829.0,837.0,30.0,25.0,8.0,148.0,0.0,1329
183,48581,8405.017301038062,28496.06720734444,30688,100.0,12909.0,245.0,14.0,7.0,0.0,61.0,0.0,211
184,48581,8405.017301038062,28496.06720734444,30688,95.0,8376.0,129.0,0.0,19.0,9.0,39.0,0.0,60
185,48581,8405.017301038062,28496.06720734444,30688,137.0,29048.0,277.0,12.0,12.0,1.0,58.0,0.0,200
186,22286,2924.6719160104985,34239.76662478686,13901,63.0,28293.0,325.0,0.0,4.0,0.0,32.0,0.0,101
187,64458,16570.17994858612,13523.166278817214,25116,115.0,49908.0,673.0,0.0,19.0,0.0,185.0,0.0,386
188,38967,34484.07079646018,13510.231426591728,17900,132.0,130397.0,918.0,4.0,28.0,2.0,144.0,1.0,481
189,28917,18418.471337579616,11415.921395718782,12812,79.0,77728.0,822.0,0.0,28.0,0.0,131.0,1.0,329
190,28917,18418.471337579616,11415.921395718782,12812,93.0,60047.0,891.0,0.0,18.0,0.0,164.0,0.0,377
191,28917,18418.471337579616,11415.921395718782,12812,126.0,70389.0,963.0,6.0,21.0,0.0,180.0,0.0,756
192,28714,18890.78947368421,13206.649717907641,17126,146.0,190864.0,1303.0,19.0,26.0,0.0,122.0,0.0,1396
193,28714,18890.78947368421,13206.649717907641,17126,230.0,75390.0,769.0,42.0,21.0,5.0,126.0,0.0,653
194,22286,2924.6719160104985,34239.76662478686,13901,122.0,20214.0,237.0,2.0,10.0,0.0,51.0,0.0,98
195,22286,2924.6719160104985,34239.76662478686,13901,52.0,18830.0,278.0,0.0,9.0,0.0,31.0,0.0,21
196,22286,2924.6719160104985,34239.76662478686,13901,12.0,70.0,2.0,2.0,15.0,0.0,1.0,0.0,1
197,37681,34889.81481481482,9797.045593269815,16345,120.0,77641.0,933.0,0.0,29.0,0.0,175.0,1.0,1355
198,3800,8260.86956521739,32276.645263157887,2382,133.0,156970.0,972.0,7.0,21.0,0.0,170.0,0.0,1392
199,62180,20386.88524590164,14330.74585075587,24278,120.0,76400.0,822.0,0.0,29.0,1.0,165.0,0.0,1109
200,62180,20386.88524590164,14330.74585075587,24278,166.0,59677.0,740.0,6.0,15.0,0.0,199.0,0.0,912
201,38617,28394.85294117647,10407.137814951964,14723,121.0,44520.0,461.0,19.0,25.0,0.0,135.0,0.0,969
202,38617,28394.85294117647,10407.137814951964,14723,96.0,69982.0,757.0,20.0,34.0,1.0,94.0,0.0,966
203,45151,5466.222760290557,21759.21704945627,23390,143.0,34832.0,488.0,1.0,18.0,3.0,79.0,0.0,359
204,45151,5466.222760290557,21759.21704945627,23390,72.0,13914.0,180.0,0.0,1.0,0.0,6.0,0.0,36
205,45151,5466.222760290557,21759.21704945627,23390,7.0,5589.0,25.0,2.0,15.0,0.0,90.0,0.0,25
206,44998,50559.55056179776,6186.359438197253,17247,122.0,121902.0,1092.0,6.0,21.0,0.0,119.0,1.0,1620
207,44998,50559.55056179776,6186.359438197253,17247,125.0,167710.0,1140.0,2.0,28.0,1.0,93.0,0.0,1423
208,44998,50559.55056179776,6186.359438197253,17247,156.0,102231.0,1031.0,2.0,38.0,2.0,152.0,1.0,1162
209,38617,28394.85294117647,10407.137814951964,14723,151.0,72282.0,855.0,22.0,26.0,0.0,154.0,0.0,718
210,38617,28394.85294117647,10407.137814951964,14723,141.0,62880.0,687.0,6.0,24.0,2.0,157.0,2.0,653
211,38617,28394.85294117647,10407.137814951964,14723,141.0,50873.0,534.0,1.0,40.0,14.0,137.0,0.0,660
212,45151,5466.222760290557,21759.21704945627,23390,145.0,36247.0,490.0,18.0,31.0,4.0,143.0,0.0,549
213,45151,5466.222760290557,21759.21704945627,23390,85.0,18403.0,362.0,16.0,12.0,0.0,48.0,2.0,153
214,45151,5466.222760290557,21759.21704945627,23390,9.0,898.0,25.0,2.0,15.0,0.0,90.0,0.0,8
215,45151,5466.222760290557,21759.21704945627,23390,5.0,936.0,26.0,2.0,15.0,0.0,90.0,0.0,11
216,23768,32558.90410958904,9652.435753954898,10610,183.0,398106.0,2723.0,182.0,25.0,7.0,79.0,6.0,1242
217,23768,32558.90410958904,9652.435753954898,10610,168.0,86963.0,819.0,5.0,17.0,4.0,184.0,1.0,634
218,67869,16044.680851063828,14066.11785940562,26686,171.0,59036.0,736.0,5.0,19.0,3.0,161.0,2.0,792
219,67869,16044.680851063828,14066.11785940562,26686,183.0,40511.0,376.0,27.0,17.0,3.0,179.0,3.0,616
220,67869,16044.680851063828,14066.11785940562,26686,202.0,22326.0,195.0,2.0,13.0,0.0,130.0,0.0,189
221,28514,7563.395225464191,22654.141369152003,12127,159.0,19943.0,282.0,4.0,12.0,3.0,78.0,0.0,132
222,28514,7563.395225464191,22654.141369152003,12127,131.0,40120.0,552.0,7.0,23.0,1.0,111.0,2.0,395
223,28514,7563.395225464191,22654.141369152003,12127,126.0,49251.0,557.0,32.0,5.0,6.0,123.0,2.0,267
224,28514,7563.395225464191,22654.141369152003,12127,75.0,16890.0,224.0,0.0,8.0,1.0,43.0,0.0,181
225,28514,7563.395225464191,22654.141369152003,12127,48.0,5264.0,116.0,0.0,4.0,0.0,37.0,0.0,25
226,11772,17570.149253731342,9810.939347604486,7516,121.0,246768.0,1556.0,180.0,13.0,28.0,41.0,3.0,1368
227,31103,9629.411764705883,9287.182972703597,11370,155.0,120997.0,1058.0,13.0,23.0,2.0,123.0,0.0,809
228,31103,9629.411764705883,9287.182972703597,11370,68.0,30216.0,284.0,0.0,14.0,0.0,52.0,0.0,134
229,31103,9629.411764705883,9287.182972703597,11370,40.0,20122.0,158.0,0.0,7.0,3.0,27.0,1.0,89
230,67869,16044.680851063828,14066.11785940562,26686,118.0,28786.0,289.0,4.0,6.0,0.0,106.0,0.0,124
231,45527,8622.537878787878,16473.61767742219,15288,128.0,43360.0,350.0,2.0,9.0,4.0,91.0,0.0,208
232,45527,8622.537878787878,16473.61767742219,15288,114.0,26206.0,267.0,15.0,9.0,0.0,107.0,0.0,236
233,45527,8622.537878787878,16473.61767742219,15288,128.0,19990.0,238.0,17.0,6.0,7.0,92.0,0.0,274
234,45527,8622.537878787878,16473.61767742219,15288,80.0,7207.0,54.0,0.0,12.0,0.0,61.0,0.0,71
235,27425,7596.952908587258,19733.739507748403,9998,69.0,3220.0,22.0,0.0,1.0,0.0,22.0,0.0,16
236,48852,14939.449541284404,7311.482088757881,13690,122.0,52524.0,537.0,15.0,6.0,0.0,96.0,0.0,360
237,48852,14939.449541284404,7311.482088757881,13690,101.0,74369.0,468.0,18.0,15.0,0.0,72.0,0.0,403
238,39316,11395.942028985506,10087.446968155458,11903,118.0,84070.0,782.0,25.0,22.0,0.0,125.0,0.0,617
239,39316,11395.942028985506,10087.446968155458,11903,137.0,61480.0,547.0,19.0,11.0,4.0,80.0,0.0,434
240,39316,11395.942028985506,10087.446968155458,11903,154.0,43884.0,453.0,22.0,16.0,0.0,142.0,0.0,288
241,45527,8622.537878787878,16473.61767742219,15288,128.0,8473.0,80.0,9.0,7.0,0.0,89.0,0.0,65
242,45527,8622.537878787878,16473.61767742219,15288,130.0,2446.0,67.0,3.0,11.0,0.0,90.0,0.0,51
243,45527,8622.537878787878,16473.61767742219,15288,140.0,2723.0,40.0,1.0,15.0,0.0,137.0,0.0,181
244,27425,7596.952908587258,19733.739507748403,9998,138.0,4843.0,41.0,4.0,18.0,0.0,153.0,0.0,239
245,27425,7596.952908587258,19733.739507748403,9998,164.0,17987.0,129.0,7.0,13.0,3.0,131.0,0.0,188
246,55758,17051.376146788993,8558.582409699056,14012,111.0,34378.0,406.0,0.0,6.0,5.0,81.0,0.0,253
247,48852,14939.449541284404,7311.482088757881,13690,92.0,52750.0,497.0,3.0,9.0,0.0,96.0,1.0,258
248,39316,11395.942028985506,10087.446968155458,11903,86.0,44864.0,362.0,5.0,16.0,13.0,47.0,1.0,138
249,39316,11395.942028985506,10087.446968155458,11903,191.0,41966.0,480.0,25.0,25.0,0.0,112.0,1.0,189
250,39316,11395.942028985506,10087.446968155458,11903,127.0,25878.0,328.0,0.0,5.0,0.0,71.0,0.0,110
251,62430,13454.741379310346,13644.780938651289,21018,114.0,19831.0,266.0,9.0,9.0,0.0,45.0,0.0,130
252,62430,13454.741379310346,13644.780938651289,21018,165.0,43209.0,450.0,11.0,23.0,0.0,140.0,2.0,443
253,62430,13454.741379310346,13644.780938651289,21018,172.0,16555.0,160.0,0.0,9.0,0.0,252.0,2.0,381
254,62430,13454.741379310346,13644.780938651289,21018,173.0,10888.0,100.0,20.0,10.0,0.0,93.0,0.0,113
255,27425,7596.952908587258,19733.739507748403,9998,198.0,29410.0,219.0,16.0,20.0,8.0,142.0,2.0,261
256,45786,9598.742138364782,12100.059472327786,13521,84.0,19445.0,228.0,6.0,2.0,0.0,23.0,0.0,129
257,45786,9598.742138364782,12100.059472327786,13521,134.0,41881.0,555.0,1.0,11.0,2.0,102.0,1.0,258
258,45786,9598.742138364782,12100.059472327786,13521,132.0,54394.0,636.0,8.0,10.0,0.0,181.0,0.0,259
259,45786,9598.742138364782,12100.059472327786,13521,116.0,45912.0,536.0,40.0,15.0,0.0,158.0,0.0,257
260,45786,9598.742138364782,12100.059472327786,13521,119.0,11676.0,202.0,0.0,2.0,0.0,58.0,0.0,34
261,62430,13454.741379310346,13644.780938651289,21018,78.0,9401.0,135.0,0.0,5.0,0.0,32.0,0.0,32
262,62430,13454.741379310346,13644.780938651289,21018,136.0,7426.0,98.0,0.0,18.0,0.0,137.0,0.0,209
263,62430,13454.741379310346,13644.780938651289,21018,116.0,1750.0,50.0,2.0,15.0,0.0,40.0,0.0,23
264,45786,9598.742138364782,12100.059472327786,13521,29.0,636.0,4.0,2.0,15.0,0.0,90.0,0.0,16
265,45786,9598.742138364782,12100.059472327786,13521,16.0,1330.0,19.0,2.0,15.0,0.0,13.0,0.0,9
266,45786,9598.742138364782,12100.059472327786,13521,32.0,5602.0,50.0,5.0,1.0,0.0,23.0,0.0,15
267,45786,9598.742138364782,12100.059472327786,13521,48.0,12907.0,116.0,4.0,4.0,0.0,27.0,0.0,11
268,42147,16399.610894941634,23714.90609114098,23058,27.0,504.0,14.0,2.0,1.0,0.0,8.0,0.0,1
269,35482,2362.31691078562,59861.40736147906,18097,133.0,18797.0,181.0,1.0,22.0,0.0,99.0,1.0,150
270,35482,2362.31691078562,59861.40736147906,18097,48.0,3739.0,25.0,0.0,4.0,0.0,17.0,0.0,10
271,35482,2362.31691078562,59861.40736147906,18097,41.0,6880.0,91.0,0.0,1.0,0.0,8.0,0.0,3
272,35482,2362.31691078562,59861.40736147906,18097,66.0,11782.0,274.0,0.0,21.0,0.0,41.0,0.0,36
273,55277,11235.162601626016,23714.90609114098,25319,213.0,45620.0,510.0,147.0,27.0,0.0,122.0,0.0,422
274,42147,16399.610894941634,23714.90609114098,23058,40.0,1172.0,28.0,0.0,2.0,0.0,26.0,0.0,19
275,42147,16399.610894941634,23714.90609114098,23058,194.0,37675.0,382.0,19.0,43.0,2.0,149.0,0.0,228
276,35482,2362.31691078562,59861.40736147906,18097,83.0,10406.0,115.0,0.0,24.0,0.0,39.0,0.0,65
277,35482,2362.31691078562,59861.40736147906,18097,78.0,13429.0,122.0,0.0,8.0,0.0,90.0,0.0,50
278,9377,1279.263301500682,66455.4234829903,3888,85.0,51458.0,410.0,0.0,18.0,1.0,37.0,0.0,90
279,55277,11235.162601626016,23714.90609114098,25319,118.0,7295.0,193.0,35.0,7.0,0.0,41.0,0.0,42
280,55277,11235.162601626016,23714.90609114098,25319,535.0,106252.0,1114.0,194.0,46.0,2.0,382.0,4.0,912
281,55277,11235.162601626016,23714.90609114098,25319,68.0,11172.0,82.0,0.0,2.0,0.0,24.0,0.0,30
282,42147,16399.610894941634,23714.90609114098,23058,108.0,42227.0,402.0,1.0,29.0,1.0,149.0,0.0,508
283,42147,16399.610894941634,23714.90609114098,23058,155.0,57594.0,501.0,18.0,43.0,3.0,193.0,1.0,557
284,9377,1279.263301500682,66455.4234829903,3888,90.0,79015.0,528.0,4.0,16.0,2.0,64.0,1.0,181
285,9377,1279.263301500682,66455.4234829903,3888,22.0,9905.0,118.0,0.0,13.0,0.0,15.0,0.0,18
286,9377,1279.263301500682,66455.4234829903,3888,86.0,18564.0,193.0,0.0,19.0,0.0,65.0,0.0,45
287,55277,11235.162601626016,23714.90609114098,25319,28.0,3350.0,59.0,6.0,4.0,0.0,25.0,0.0,26
288,55277,11235.162601626016,23714.90609114098,25319,167.0,13244.0,250.0,21.0,19.0,0.0,57.0,0.0,97
289,55277,11235.162601626016,23714.90609114098,25319,224.0,53484.0,528.0,55.0,23.0,6.0,234.0,1.0,685
290,55277,11235.162601626016,23714.90609114098,25319,126.0,34489.0,402.0,5.0,25.0,10.0,140.0,0.0,204
291,42147,16399.610894941634,23714.90609114098,23058,228.0,82917.0,901.0,36.0,51.0,11.0,348.0,3.0,1163
292,47452,16140.136054421768,26521.38953047289,19932,96.0,100202.0,760.0,46.0,21.0,40.0,97.0,0.0,512
293,9377,1279.263301500682,66455.4234829903,3888,73.0,33423.0,383.0,0.0,27.0,3.0,47.0,0.0,123
294,9377,1279.263301500682,66455.4234829903,3888,207.0,6663.0,110.0,0.0,12.0,0.0,20.0,0.0,46
295,9377,1279.263301500682,66455.4234829903,3888,97.0,11967.0,240.0,0.0,14.0,0.0,45.0,0.0,67
296,39480,3679.4035414725067,27516.27322695036,16127,2.0,7005.0,40.0,2.0,5.0,0.0,90.0,0.0,71
297,39480,3679.4035414725067,27516.27322695036,16127,38.0,72447.0,335.0,0.0,5.0,0.0,29.0,0.0,76
298,55277,11235.162601626016,23714.90609114098,25319,92.0,35708.0,430.0,14.0,14.0,4.0,78.0,0.0,238
299,55277,11235.162601626016,23714.90609114098,25319,184.0,50201.0,462.0,4.0,24.0,0.0,177.0,0.0,451
300,55277,11235.162601626016,23714.90609114098,25319,228.0,66429.0,836.0,4.0,42.0,0.0,281.0,1.0,406
301,42147,16399.610894941634,23714.90609114098,23058,196.0,139897.0,1306.0,16.0,49.0,4.0,270.0,1.0,924
302,47452,16140.136054421768,26521.38953047289,19932,162.0,163381.0,1397.0,18.0,43.0,8.0,336.0,0.0,687
303,47452,16140.136054421768,26521.38953047289,19932,109.0,49646.0,527.0,0.0,28.0,7.0,109.0,4.0,195
304,9377,1279.263301500682,66455.4234829903,3888,107.0,15515.0,71.0,0.0,9.0,0.0,25.0,0.0,67
305,9377,1279.263301500682,66455.4234829903,3888,81.0,11913.0,226.0,0.0,30.0,0.0,51.0,1.0,98
306,39480,3679.4035414725067,27516.27322695036,16127,64.0,5386.0,49.0,1.0,0.0,5.0,90.0,0.0,53
307,39480,3679.4035414725067,27516.27322695036,16127,21.0,26034.0,153.0,1.0,1.0,0.0,15.0,0.0,17
308,39480,3679.4035414725067,27516.27322695036,16127,207.0,103924.0,1117.0,33.0,20.0,13.0,187.0,8.0,316
309,55277,11235.162601626016,23714.90609114098,25319,192.0,29688.0,346.0,14.0,24.0,0.0,180.0,0.0,306
310,55277,11235.162601626016,23714.90609114098,25319,206.0,61787.0,714.0,13.0,25.0,2.0,165.0,0.0,473
311,25403,6350.75,43519.231901743886,11540,203.0,139390.0,1147.0,15.0,49.0,2.0,262.0,1.0,551
312,2424,7345.454545454545,591206.00660066,1808,169.0,149748.0,1349.0,7.0,39.0,5.0,264.0,0.0,426
313,47452,16140.136054421768,26521.38953047289,19932,80.0,21112.0,154.0,0.0,2.0,0.0,25.0,0.0,63
314,9377,1279.263301500682,66455.4234829903,3888,106.0,22754.0,165.0,0.0,17.0,0.0,23.0,0.0,15
315,9377,1279.263301500682,66455.4234829903,3888,99.0,8859.0,95.0,0.0,8.0,0.0,35.0,0.0,14
316,39480,3679.4035414725067,27516.27322695036,16127,24.0,3651.0,25.0,2.0,15.0,0.0,90.0,0.0,22
317,39480,3679.4035414725067,27516.27322695036,16127,21.0,17376.0,173.0,0.0,5.0,0.0,2.0,0.0,104
318,39480,3679.4035414725067,27516.27322695036,16127,148.0,69574.0,877.0,12.0,18.0,3.0,153.0,0.0,83
319,55277,11235.162601626016,23714.90609114098,25319,228.0,62543.0,463.0,17.0,24.0,6.0,151.0,1.0,266
320,57964,18637.942122186498,21465.59236767649,27210,129.0,33822.0,290.0,0.0,11.0,0.0,84.0,0.0,280
321,25403,6350.75,43519.231901743886,11540,161.0,65820.0,806.0,3.0,37.0,0.0,221.0,3.0,324
322,2424,7345.454545454545,591206.00660066,1808,111.0,93128.0,461.0,18.0,8.0,11.0,38.0,1.0,184
323,48581,8405.017301038062,28496.06720734444,30688,91.0,24687.0,154.0,0.0,9.0,0.0,24.0,0.0,38
324,48581,8405.017301038062,28496.06720734444,30688,55.0,1932.0,27.0,0.0,14.0,1.0,16.0,0.0,89
325,39480,3679.4035414725067,27516.27322695036,16127,18.0,8461.0,69.0,0.0,0.0,0.0,90.0,0.0,65
326,39480,3679.4035414725067,27516.27322695036,16127,58.0,177363.0,1098.0,21.0,19.0,4.0,26.0,2.0,382
327,39480,3679.4035414725067,27516.27322695036,16127,187.0,84435.0,1103.0,29.0,49.0,22.0,183.0,0.0,336
328,7827,4953.79746835443,29720.632298454067,3518,68.0,15994.0,131.0,3.0,3.0,3.0,5.0,0.0,68
329,57964,18637.942122186498,21465.59236767649,27210,60.0,8294.0,84.0,0.0,2.0,0.0,12.0,0.0,109
330,57964,18637.942122186498,21465.59236767649,27210,241.0,91160.0,1163.0,8.0,24.0,0.0,303.0,1.0,525
331,28418,13795.145631067959,24914.51692589204,14030,121.0,39652.0,499.0,0.0,15.0,0.0,145.0,0.0,241
332,21397,11321.16402116402,35213.54259942983,12939,89.0,12587.0,98.0,8.0,3.0,1.0,17.0,0.0,57
333,48581,8405.017301038062,28496.06720734444,30688,154.0,15750.0,133.0,0.0,6.0,0.0,51.0,0.0,24
334,48581,8405.017301038062,28496.06720734444,30688,117.0,6430.0,139.0,0.0,12.0,0.0,79.0,0.0,61
335,39480,3679.4035414725067,27516.27322695036,16127,30.0,13887.0,90.0,0.0,2.0,0.0,90.0,0.0,49
336,39480,3679.4035414725067,27516.27322695036,16127,70.0,36560.0,396.0,20.0,29.0,2.0,52.0,0.0,332
337,39480,3679.4035414725067,27516.27322695036,16127,161.0,44143.0,574.0,25.0,32.0,7.0,129.0,1.0,345
338,57964,18637.942122186498,21465.59236767649,27210,44.0,12373.0,102.0,0.0,4.0,2.0,3.0,0.0,55
339,28418,13795.145631067959,24914.51692589204,14030,227.0,78624.0,995.0,3.0,25.0,1.0,213.0,0.0,750
340,28418,13795.145631067959,24914.51692589204,14030,193.0,70920.0,901.0,12.0,18.0,0.0,233.0,0.0,851
341,21397,11321.16402116402,35213.54259942983,12939,200.0,90258.0,674.0,40.0,14.0,4.0,111.0,0.0,548
342,48581,8405.017301038062,28496.06720734444,30688,238.0,36393.0,228.0,2.0,29.0,0.0,81.0,0.0,66
343,48581,8405.017301038062,28496.06720734444,30688,175.0,19336.0,312.0,0.0,18.0,0.0,149.0,1.0,264
344,39480,3679.4035414725067,27516.27322695036,16127,36.0,10015.0,69.0,5.0,2.0,0.0,1.0,0.0,24
345,39480,3679.4035414725067,27516.27322695036,16127,67.0,9831.0,132.0,14.0,5.0,11.0,33.0,0.0,117
346,7827,4953.79746835443,29720.632298454067,3518,92.0,7410.0,85.0,5.0,8.0,5.0,24.0,0.0,208
347,7827,4953.79746835443,29720.632298454067,3518,85.0,5688.0,95.0,2.0,5.0,0.0,8.0,0.0,60
348,32327,8808.446866485014,13199.176137593962,15006,85.0,23140.0,450.0,2.0,8.0,10.0,73.0,1.0,161
349,47596,13111.84573002755,11986.65163038911,17204,241.0,111694.0,1183.0,4.0,39.0,4.0,233.0,0.0,640
350,21397,11321.16402116402,35213.54259942983,12939,217.0,118659.0,1355.0,39.0,53.0,2.0,318.0,1.0,945
351,21397,11321.16402116402,35213.54259942983,12939,172.0,80313.0,954.0,5.0,30.0,0.0,284.0,0.0,900
352,48581,8405.017301038062,28496.06720734444,30688,236.0,41821.0,503.0,16.0,30.0,1.0,112.0,4.0,465
353,48581,8405.017301038062,28496.06720734444,30688,145.0,22705.0,254.0,0.0,18.0,6.0,77.0,1.0,198
354,7827,4953.79746835443,29720.632298454067,3518,14.0,812.0,14.0,2.0,15.0,0.0,5.0,0.0,1
355,7827,4953.79746835443,29720.632298454067,3518,33.0,1552.0,28.0,2.0,15.0,0.0,4.0,0.0,7
356,32327,8808.446866485014,13199.176137593962,15006,48.0,15969.0,204.0,5.0,10.0,5.0,22.0,0.0,91
357,47596,13111.84573002755,11986.65163038911,17204,42.0,19679.0,309.0,5.0,13.0,6.0,39.0,0.0,305
358,47596,13111.84573002755,11986.65163038911,17204,81.0,41532.0,459.0,0.0,11.0,0.0,94.0,1.0,413
359,64458,16570.17994858612,13523.166278817214,25116,74.0,42382.0,453.0,0.0,15.0,0.0,91.0,0.0,242
360,7827,4953.79746835443,29720.632298454067,3518,14.0,396.0,7.0,2.0,15.0,0.0,5.0,0.0,5
361,7827,4953.79746835443,29720.632298454067,3518,47.0,12212.0,216.0,0.0,12.0,0.0,84.0,0.0,58
362,32327,8808.446866485014,13199.176137593962,15006,24.0,3638.0,102.0,0.0,1.0,0.0,21.0,0.0,23
363,32327,8808.446866485014,13199.176137593962,15006,47.0,21365.0,373.0,0.0,2.0,0.0,57.0,1.0,227
364,47596,13111.84573002755,11986.65163038911,17204,80.0,37660.0,416.0,0.0,6.0,0.0,95.0,1.0,391
365,64458,16570.17994858612,13523.166278817214,25116,82.0,48673.0,513.0,8.0,15.0,0.0,85.0,0.0,626
366,44789,10844.794188861986,13738.797383286077,17172,22.0,588.0,11.0,2.0,15.0,0.0,9.0,0.0,11
367,44789,10844.794188861986,13738.797383286077,17172,60.0,11488.0,207.0,0.0,6.0,0.0,54.0,0.0,43
368,32327,8808.446866485014,13199.176137593962,15006,25.0,4453.0,78.0,0.0,1.0,0.0,14.0,0.0,57
369,32327,8808.446866485014,13199.176137593962,15006,58.0,29460.0,456.0,0.0,7.0,0.0,60.0,0.0,209
370,47596,13111.84573002755,11986.65163038911,17204,88.0,37596.0,427.0,3.0,4.0,0.0,107.0,0.0,283
371,64458,16570.17994858612,13523.166278817214,25116,66.0,34633.0,408.0,31.0,16.0,0.0,84.0,1.0,321
372,48606,10276.109936575052,12352.223367485496,17150,20.0,2381.0,25.0,0.0,1.0,0.0,8.0,0.0,13
373,44789,10844.794188861986,13738.797383286077,17172,57.0,32495.0,354.0,0.0,15.0,5.0,87.0,0.0,432
374,44789,10844.794188861986,13738.797383286077,17172,69.0,40222.0,429.0,3.0,12.0,6.0,104.0,0.0,461
375,44789,10844.794188861986,13738.797383286077,17172,98.0,48958.0,492.0,4.0,6.0,0.0,66.0,1.0,389
376,32327,8808.446866485014,13199.176137593962,15006,75.0,49463.0,510.0,27.0,9.0,0.0,76.0,1.0,372
377,49310,17003.44827586207,9748.53518556074,16658,65.0,40735.0,447.0,0.0,15.0,0.0,83.0,0.0,566
378,64458,16570.17994858612,13523.166278817214,25116,63.0,34061.0,388.0,13.0,14.0,0.0,53.0,0.0,363
379,44789,10844.794188861986,13738.797383286077,17172,81.0,24919.0,350.0,0.0,14.0,0.0,124.0,0.0,209
380,44789,10844.794188861986,13738.797383286077,17172,59.0,23254.0,339.0,0.0,5.0,0.0,130.0,0.0,216
381,44789,10844.794188861986,13738.797383286077,17172,74.0,32161.0,411.0,5.0,5.0,0.0,101.0,1.0,150
382,49310,17003.44827586207,9748.53518556074,16658,69.0,34483.0,406.0,3.0,8.0,2.0,73.0,0.0,165
383,49310,17003.44827586207,9748.53518556074,16658,59.0,29719.0,345.0,0.0,9.0,0.0,85.0,0.0,205
384,49310,17003.44827586207,9748.53518556074,16658,58.0,37025.0,386.0,0.0,9.0,0.0,88.0,0.0,378
385,48606,10276.109936575052,12352.223367485496,17150,16.0,1248.0,15.0,0.0,1.0,0.0,8.0,0.0,3
386,48606,10276.109936575052,12352.223367485496,17150,58.0,17078.0,194.0,0.0,11.0,0.0,61.0,0.0,79
387,48606,10276.109936575052,12352.223367485496,17150,72.0,23197.0,265.0,0.0,6.0,0.0,81.0,0.0,112
388,44789,10844.794188861986,13738.797383286077,17172,77.0,33751.0,395.0,0.0,11.0,0.0,136.0,0.0,302
389,44789,10844.794188861986,13738.797383286077,17172,71.0,35696.0,385.0,3.0,16.0,0.0,110.0,0.0,354
390,32821,17005.699481865286,9149.374790530454,9795,38.0,28347.0,320.0,0.0,16.0,0.0,61.0,0.0,275
391,32821,17005.699481865286,9149.374790530454,9795,68.0,37114.0,406.0,1.0,8.0,0.0,101.0,0.0,366
392,49310,17003.44827586207,9748.53518556074,16658,67.0,33511.0,348.0,0.0,12.0,0.0,90.0,0.0,416
393,49310,17003.44827586207,9748.53518556074,16658,58.0,38019.0,364.0,0.0,19.0,0.0,69.0,0.0,442
394,48606,10276.109936575052,12352.223367485496,17150,30.0,4408.0,46.0,8.0,3.0,0.0,18.0,0.0,34
395,48606,10276.109936575052,12352.223367485496,17150,66.0,35640.0,374.0,8.0,12.0,2.0,101.0,0.0,315
396,48606,10276.109936575052,12352.223367485496,17150,57.0,35266.0,379.0,0.0,19.0,0.0,113.0,0.0,548
397,48606,10276.109936575052,12352.223367485496,17150,76.0,40227.0,439.0,0.0,11.0,0.0,147.0,0.0,548
398,32821,17005.699481865286,9149.374790530454,9795,56.0,35128.0,379.0,0.0,6.0,0.0,91.0,0.0,531
399,32821,17005.699481865286,9149.374790530454,9795,60.0,34623.0,374.0,4.0,8.0,0.0,109.0,0.0,413
400,32821,17005.699481865286,9149.374790530454,9795,71.0,42407.0,450.0,0.0,6.0,0.0,100.0,0.0,511
401,49310,17003.44827586207,9748.53518556074,16658,53.0,33354.0,359.0,1.0,12.0,0.0,85.0,3.0,396
402,59185,30825.520833333336,6737.659339359635,20332,68.0,41957.0,433.0,0.0,13.0,0.0,88.0,0.0,646
403,89779,17466.731517509732,7774.718887490393,27479,46.0,10418.0,113.0,2.0,2.0,0.0,40.0,0.0,43
404,48606,10276.109936575052,12352.223367485496,17150,61.0,26064.0,293.0,0.0,14.0,0.0,82.0,0.0,312
405,48606,10276.109936575052,12352.223367485496,17150,65.0,34450.0,420.0,0.0,15.0,0.0,126.0,0.0,448
406,32821,17005.699481865286,9149.374790530454,9795,39.0,26870.0,334.0,0.0,9.0,0.0,71.0,0.0,390
407,32821,17005.699481865286,9149.374790530454,9795,61.0,30017.0,350.0,0.0,5.0,0.0,105.0,0.0,298
408,32821,17005.699481865286,9149.374790530454,9795,42.0,35123.0,382.0,0.0,7.0,0.0,66.0,0.0,405
409,40920,16566.801619433198,6411.797971652004,12762,57.0,35944.0,386.0,0.0,8.0,0.0,107.0,0.0,311
410,59185,30825.520833333336,6737.659339359635,20332,64.0,38468.0,380.0,0.0,11.0,0.0,66.0,2.0,406
411,26872,10102.255639097744,8890.417869901756,7385,56.0,19207.0,201.0,9.0,4.0,1.0,39.0,0.0,98
412,89779,17466.731517509732,7774.718887490393,27479,50.0,17934.0,197.0,15.0,4.0,0.0,39.0,0.0,162
413,89779,17466.731517509732,7774.718887490393,27479,70.0,20576.0,204.0,25.0,6.0,0.0,66.0,0.0,200
414,89779,17466.731517509732,7774.718887490393,27479,75.0,44644.0,290.0,17.0,7.0,0.0,68.0,0.0,369
415,66266,18666.47887323944,6998.2203694202135,17127,103.0,42442.0,455.0,20.0,8.0,0.0,128.0,2.0,363
416,62276,21928.16901408451,6879.029963388785,17192,55.0,29595.0,391.0,0.0,6.0,0.0,75.0,0.0,511
417,62276,21928.16901408451,6879.029963388785,17192,60.0,32142.0,402.0,0.0,4.0,0.0,98.0,0.0,443
418,40920,16566.801619433198,6411.797971652004,12762,74.0,49051.0,495.0,0.0,3.0,0.0,69.0,0.0,496
419,40920,16566.801619433198,6411.797971652004,12762,83.0,49266.0,487.0,2.0,13.0,2.0,89.0,0.0,410
420,59185,30825.520833333336,6737.659339359635,20332,63.0,41802.0,420.0,6.0,13.0,0.0,63.0,0.0,513
421,26872,10102.255639097744,8890.417869901756,7385,93.0,30641.0,317.0,9.0,13.0,1.0,71.0,0.0,183
422,89779,17466.731517509732,7774.718887490393,27479,74.0,40612.0,436.0,24.0,17.0,2.0,96.0,0.0,354
423,89779,17466.731517509732,7774.718887490393,27479,63.0,39700.0,409.0,41.0,22.0,0.0,79.0,0.0,458
424,66266,18666.47887323944,6998.2203694202135,17127,83.0,39322.0,421.0,37.0,16.0,1.0,75.0,0.0,680
425,66266,18666.47887323944,6998.2203694202135,17127,102.0,41003.0,519.0,78.0,15.0,6.0,126.0,1.0,875
426,62276,21928.16901408451,6879.029963388785,17192,74.0,41247.0,514.0,43.0,11.0,0.0,66.0,0.0,637
427,62276,21928.16901408451,6879.029963388785,17192,86.0,34759.0,399.0,102.0,6.0,2.0,86.0,0.0,710
428,40920,16566.801619433198,6411.797971652004,12762,60.0,56686.0,533.0,15.0,4.0,0.0,17.0,0.0,458
429,40920,16566.801619433198,6411.797971652004,12762,78.0,59446.0,498.0,9.0,8.0,2.0,74.0,0.0,357
430,59185,30825.520833333336,6737.659339359635,20332,76.0,53234.0,471.0,1.0,8.0,0.0,69.0,4.0,551
431,26872,10102.255639097744,8890.417869901756,7385,54.0,28571.0,300.0,0.0,8.0,0.0,37.0,0.0,212
432,26872,10102.255639097744,8890.417869901756,7385,148.0,79981.0,794.0,87.0,40.0,0.0,173.0,0.0,800
433,66266,18666.47887323944,6998.2203694202135,17127,138.0,88540.0,813.0,106.0,38.0,2.0,184.0,0.0,816
434,66266,18666.47887323944,6998.2203694202135,17127,125.0,82062.0,815.0,6.0,20.0,1.0,125.0,0.0,1032
435,66266,18666.47887323944,6998.2203694202135,17127,92.0,81898.0,737.0,5.0,20.0,0.0,90.0,0.0,1075
436,62276,21928.16901408451,6879.029963388785,17192,108.0,95357.0,798.0,9.0,26.0,0.0,108.0,0.0,861
437,62276,21928.16901408451,6879.029963388785,17192,107.0,108967.0,830.0,8.0,20.0,0.0,115.0,0.0,977
438,103892,24217.249417249415,6533.539887575559,23547,145.0,121384.0,1218.0,15.0,35.0,4.0,155.0,0.0,780
439,18986,11102.923976608188,10373.587748867589,8245,163.0,157635.0,1501.0,152.0,40.0,3.0,123.0,1.0,1199
440,18986,11102.923976608188,10373.587748867589,8245,156.0,172201.0,1251.0,62.0,15.0,1.0,112.0,0.0,887
441,40952,12372.205438066465,7581.983541707365,10617,55.0,16420.0,224.0,0.0,3.0,0.0,44.0,0.0,136
442,40952,12372.205438066465,7581.983541707365,10617,106.0,48598.0,591.0,0.0,12.0,0.0,152.0,0.0,527
443,51223,16739.54248366013,6877.357417566328,12598,127.0,46397.0,491.0,0.0,19.0,4.0,145.0,0.0,423
444,57110,16317.142857142857,7384.155804587638,13788,105.0,33304.0,392.0,0.0,13.0,0.0,127.0,0.0,473
445,57110,16317.142857142857,7384.155804587638,13788,87.0,21541.0,232.0,22.0,14.0,0.0,65.0,0.0,359
446,103892,24217.249417249415,6533.539887575559,23547,75.0,33916.0,405.0,0.0,5.0,0.0,70.0,0.0,418
447,103892,24217.249417249415,6533.539887575559,23547,91.0,62848.0,838.0,0.0,13.0,0.0,123.0,0.0,828
448,103892,24217.249417249415,6533.539887575559,23547,122.0,69815.0,809.0,0.0,10.0,0.0,154.0,0.0,675
449,0,0.0,23714.90609114098,0,169.0,93321.0,823.0,154.0,21.0,0.0,142.0,2.0,1111
450,0,0.0,23714.90609114098,0,132.0,296695.0,2195.0,733.0,26.0,1.0,22.0,0.0,1965
451,40952,12372.205438066465,7581.983541707365,10617,139.0,59014.0,635.0,16.0,19.0,0.0,145.0,0.0,572
452,51223,16739.54248366013,6877.357417566328,12598,137.0,55547.0,676.0,9.0,16.0,0.0,135.0,2.0,499
453,57110,16317.142857142857,7384.155804587638,13788,102.0,26119.0,326.0,29.0,5.0,0.0,62.0,0.0,174
454,103892,24217.249417249415,6533.539887575559,23547,116.0,43158.0,489.0,85.0,15.0,0.0,77.0,0.0,413
455,3951,1908.6956521739123,10492.962541128829,1761,92.0,50875.0,505.0,84.0,16.0,0.0,88.0,0.0,430
456,3951,1908.6956521739123,10492.962541128829,1761,151.0,51086.0,537.0,46.0,14.0,0.0,98.0,2.0,775
457,11772,17570.149253731342,9810.939347604486,7516,143.0,193220.0,1398.0,279.0,13.0,4.0,103.0,2.0,1437
458,40952,12372.205438066465,7581.983541707365,10617,83.0,18498.0,257.0,48.0,3.0,0.0,90.0,0.0,197
459,51223,16739.54248366013,6877.357417566328,12598,68.0,5503.0,62.0,10.0,1.0,0.0,13.0,0.0,77
460,3223,554.7332185886403,12298.115730685697,921,57.0,27282.0,235.0,0.0,11.0,0.0,26.0,1.0,191
461,3951,1908.6956521739123,10492.962541128829,1761,130.0,58057.0,494.0,2.0,12.0,2.0,62.0,0.0,476
462,11772,17570.149253731342,9810.939347604486,7516,185.0,82646.0,744.0,18.0,16.0,0.0,113.0,0.0,354
463,45903,10877.488151658768,8422.114829096137,11259,89.0,33282.0,377.0,2.0,12.0,0.0,66.0,1.0,237
464,45903,10877.488151658768,8422.114829096137,11259,178.0,74766.0,738.0,0.0,17.0,6.0,149.0,0.0,607
465,48852,14939.449541284404,7311.482088757881,13690,149.0,85100.0,945.0,9.0,18.0,0.0,163.0,0.0,768
466,45903,10877.488151658768,8422.114829096137,11259,92.0,29151.0,387.0,1.0,11.0,0.0,72.0,0.0,205
467,45903,10877.488151658768,8422.114829096137,11259,142.0,67382.0,664.0,5.0,17.0,0.0,123.0,0.0,444
468,55758,17051.376146788993,8558.582409699056,14012,148.0,60957.0,665.0,6.0,5.0,0.0,156.0,0.0,359
469,26872,10102.255639097744,8890.417869901756,7385,19.0,2422.0,37.0,0.0,3.0,0.0,5.0,0.0,3
470,26872,10102.255639097744,8890.417869901756,7385,85.0,11467.0,170.0,0.0,10.0,0.0,35.0,0.0,24
471,26872,10102.255639097744,8890.417869901756,7385,20.0,33916.0,391.0,0.0,0.0,0.0,5.0,0.0,1
472,26872,10102.255639097744,8890.417869901756,7385,31.0,156.0,3.0,0.0,4.0,0.0,10.0,0.0,7
473,26872,10102.255639097744,8890.417869901756,7385,168.0,34344.0,472.0,8.0,29.0,8.0,128.0,1.0,168
474,26872,10102.255639097744,8890.417869901756,7385,72.0,7702.0,81.0,4.0,7.0,0.0,30.0,0.0,139
475,26872,10102.255639097744,8890.417869901756,7385,58.0,674.0,9.0,1.0,2.0,0.0,12.0,0.0,10
476,26872,10102.255639097744,8890.417869901756,7385,88.0,11286.0,126.0,7.0,4.0,2.0,22.0,0.0,144
477,26872,10102.255639097744,8890.417869901756,7385,66.0,11881.0,125.0,1.0,8.0,0.0,11.0,0.0,120
478,26872,10102.255639097744,8890.417869901756,7385,32.0,18524.0,153.0,6.0,3.0,4.0,13.0,0.0,79
479,26872,10102.255639097744,8890.417869901756,7385,24.0,10662.0,66.0,0.0,2.0,0.0,1.0,0.0,55
480,26872,10102.255639097744,8890.417869901756,7385,73.0,2260.0,24.0,10.0,5.0,1.0,97.0,0.0,37
481,26872,10102.255639097744,8890.417869901756,7385,143.0,18370.0,284.0,5.0,9.0,0.0,212.0,0.0,179
482,26872,10102.255639097744,8890.417869901756,7385,123.0,16817.0,263.0,14.0,20.0,0.0,129.0,0.0,102
483,26872,10102.255639097744,8890.417869901756,7385,64.0,10031.0,135.0,7.0,15.0,0.0,52.0,0.0,36
484,26872,10102.255639097744,8890.417869901756,7385,154.0,39160.0,571.0,18.0,22.0,4.0,150.0,0.0,263
485,26872,10102.255639097744,8890.417869901756,7385,119.0,28543.0,465.0,0.0,12.0,0.0,107.0,0.0,138
486,26872,10102.255639097744,8890.417869901756,7385,103.0,41067.0,522.0,4.0,8.0,0.0,135.0,0.0,223
487,26872,10102.255639097744,8890.417869901756,7385,75.0,26766.0,209.0,0.0,11.0,0.0,33.0,0.0,85
488,26872,10102.255639097744,8890.417869901756,7385,93.0,7365.0,107.0,0.0,10.0,0.0,107.0,0.0,101
489,26872,10102.255639097744,8890.417869901756,7385,81.0,31099.0,353.0,11.0,26.0,0.0,203.0,0.0,593
490,26872,10102.255639097744,8890.417869901756,7385,129.0,39846.0,400.0,7.0,31.0,5.0,132.0,0.0,334
491,26872,10102.255639097744,8890.417869901756,7385,6.0,7004.0,73.0,0.0,7.0,0.0,2.0,0.0,82
492,26872,10102.255639097744,8890.417869901756,7385,69.0,29514.0,331.0,18.0,18.0,1.0,45.0,0.0,270
493,26872,10102.255639097744,8890.417869901756,7385,26.0,216.0,3.0,2.0,15.0,0.0,90.0,0.0,2
494,26872,10102.255639097744,8890.417869901756,7385,32.0,3570.0,42.0,2.0,15.0,0.0,2.0,0.0,18
495,26872,10102.255639097744,8890.417869901756,7385,69.0,25164.0,261.0,0.0,6.0,0.0,24.0,0.0,113
496,26872,10102.255639097744,8890.417869901756,7385,41.0,10417.0,117.0,9.0,5.0,0.0,22.0,0.0,107
497,26872,10102.255639097744,8890.417869901756,7385,53.0,13337.0,165.0,16.0,5.0,0.0,14.0,0.0,80
498,26872,10102.255639097744,8890.417869901756,7385,45.0,8150.0,90.0,8.0,11.0,0.0,51.0,0.0,55
499,26872,10102.255639097744,8890.417869901756,7385,111.0,58718.0,558.0,31.0,12.0,0.0,196.0,0.0,457
500,26872,10102.255639097744,8890.417869901756,7385,70.0,19583.0,188.0,4.0,8.0,1.0,71.0,0.0,174
501,26872,10102.255639097744,8890.417869901756,7385,8.0,2538.0,26.0,0.0,3.0,0.0,4.0,0.0,15
502,26872,10102.255639097744,8890.417869901756,7385,48.0,10912.0,127.0,4.0,6.0,0.0,14.0,1.0,118
503,26872,10102.255639097744,8890.417869901756,7385,5.0,33916.0,391.0,2.0,15.0,0.0,90.0,0.0,1
504,26872,10102.255639097744,8890.417869901756,7385,31.0,16108.0,107.0,2.0,6.0,0.0,10.0,0.0,52
505,26872,10102.255639097744,8890.417869901756,7385,139.0,50473.0,517.0,0.0,10.0,0.0,63.0,0.0,160
506,26872,10102.255639097744,8890.417869901756,7385,106.0,42058.0,488.0,0.0,8.0,0.0,73.0,0.0,159
507,26872,10102.255639097744,8890.417869901756,7385,2.0,1638.0,14.0,2.0,15.0,0.0,90.0,0.0,1
508,26872,10102.255639097744,8890.417869901756,7385,63.0,29888.0,227.0,15.0,10.0,4.0,59.0,0.0,84
509,26872,10102.255639097744,8890.417869901756,7385,27.0,6541.0,58.0,14.0,4.0,7.0,15.0,0.0,47
510,26872,10102.255639097744,8890.417869901756,7385,91.0,55215.0,627.0,0.0,18.0,0.0,149.0,1.0,280
511,26872,10102.255639097744,8890.417869901756,7385,76.0,35209.0,398.0,4.0,17.0,5.0,111.0,0.0,303
512,26872,10102.255639097744,8890.417869901756,7385,21.0,33916.0,391.0,2.0,15.0,0.0,90.0,0.0,13
513,26872,10102.255639097744,8890.417869901756,7385,19.0,33916.0,391.0,0.0,2.0,0.0,3.0,0.0,4
514,26872,10102.255639097744,8890.417869901756,7385,95.0,46174.0,565.0,0.0,8.0,0.0,173.0,0.0,276
515,26872,10102.255639097744,8890.417869901756,7385,91.0,31406.0,372.0,0.0,9.0,1.0,147.0,0.0,207
516,26872,10102.255639097744,8890.417869901756,7385,6.0,33916.0,391.0,2.0,15.0,0.0,90.0,0.0,1
517,26872,10102.255639097744,8890.417869901756,7385,12.0,12478.0,40.0,0.0,2.0,0.0,5.0,0.0,14
518,26872,10102.255639097744,8890.417869901756,7385,98.0,42814.0,564.0,8.0,16.0,0.0,109.0,0.0,262
519,26872,10102.255639097744,8890.417869901756,7385,123.0,43264.0,490.0,2.0,22.0,0.0,114.0,0.0,240
520,26872,10102.255639097744,8890.417869901756,7385,5.0,28510.0,64.0,2.0,15.0,0.0,90.0,0.0,52
521,26872,10102.255639097744,8890.417869901756,7385,104.0,25067.0,313.0,7.0,9.0,0.0,92.0,0.0,129
522,26872,10102.255639097744,8890.417869901756,7385,52.0,14702.0,208.0,0.0,7.0,0.0,70.0,0.0,104
523,26872,10102.255639097744,8890.417869901756,7385,108.0,33916.0,391.0,2.0,15.0,0.0,90.0,0.0,4
524,26872,10102.255639097744,8890.417869901756,7385,5.0,33916.0,391.0,2.0,15.0,0.0,2.0,0.0,4
525,26872,10102.255639097744,8890.417869901756,7385,63.0,33443.0,237.0,8.0,14.0,3.0,38.0,0.0,106
526,26872,10102.255639097744,8890.417869901756,7385,62.0,28670.0,268.0,0.0,13.0,0.0,46.0,1.0,126
